n,algorithm,mean_ns,comparisons,swaps
100,Selection Sort,11140.0,4950,97
100,Quick Sort,9517.0,569,316
100,Heap Sort,3235.0,1025,584
250,Selection Sort,58684.0,31125,242
250,Quick Sort,30825.0,2125,1031
250,Heap Sort,8261.0,3202,1764
500,Selection Sort,133432.0,124750,492
500,Quick Sort,38396.0,4901,2562
500,Heap Sort,18354.0,7425,4030
1000,Selection Sort,453934.0,499500,987
1000,Quick Sort,104301.0,10578,5218
1000,Heap Sort,57308.0,16867,9089
2000,Selection Sort,1946066.0,1999000,1993
2000,Quick Sort,178221.0,26168,10659
2000,Heap Sort,165155.0,37713,20161
4000,Selection Sort,7167808.0,7998000,3992
4000,Quick Sort,403576.0,55225,28287
4000,Heap Sort,286756.0,83488,44343
8000,Selection Sort,28967117.0,31996000,7992
8000,Quick Sort,897588.0,120340,63457
8000,Heap Sort,689456.0,182868,96593
