algorithm,sample,nanos
Selection Sort,1,645200
Selection Sort,2,568300
Selection Sort,3,530900
Selection Sort,4,412400
Selection Sort,5,388600
Selection Sort,6,388200
Selection Sort,7,388000
Selection Sort,8,387100
Selection Sort,9,398300
Selection Sort,10,387100
Selection Sort,11,386900
Selection Sort,12,386700
Selection Sort,13,386900
Selection Sort,14,396300
Selection Sort,15,387300
Selection Sort,16,386700
Selection Sort,17,386800
Selection Sort,18,398800
Selection Sort,19,395200
Selection Sort,20,380800
Selection Sort,21,380700
Selection Sort,22,378100
Selection Sort,23,378500
Selection Sort,24,387300
Selection Sort,25,377500
Selection Sort,26,378100
Selection Sort,27,377700
Selection Sort,28,377700
Selection Sort,29,378000
Selection Sort,30,387100
Selection Sort,31,420800
Selection Sort,32,377800
Selection Sort,33,377400
Selection Sort,34,377400
Selection Sort,35,394500
Selection Sort,36,378800
Selection Sort,37,374900
Selection Sort,38,374700
Selection Sort,39,374800
Selection Sort,40,384700
Selection Sort,41,386500
Selection Sort,42,414900
Selection Sort,43,492900
Selection Sort,44,411000
Selection Sort,45,533700
Selection Sort,46,483900
Selection Sort,47,383700
Selection Sort,48,388900
Selection Sort,49,381500
Selection Sort,50,383600
Selection Sort,51,381200
Selection Sort,52,397600
Selection Sort,53,384400
Selection Sort,54,381000
Selection Sort,55,384200
Selection Sort,56,381300
Selection Sort,57,392600
Selection Sort,58,419700
Selection Sort,59,378700
Selection Sort,60,378400
Selection Sort,61,380900
Selection Sort,62,468700
Selection Sort,63,382000
Selection Sort,64,377900
Selection Sort,65,379500
Selection Sort,66,377600
Selection Sort,67,393800
Selection Sort,68,405600
Selection Sort,69,383300
Selection Sort,70,380900
Selection Sort,71,381500
Selection Sort,72,412800
Selection Sort,73,380500
Selection Sort,74,376400
Selection Sort,75,374700
Selection Sort,76,379800
Selection Sort,77,386300
Selection Sort,78,377200
Selection Sort,79,374300
Selection Sort,80,374200
Selection Sort,81,377200
Selection Sort,82,387200
Selection Sort,83,598000
Selection Sort,84,414300
Selection Sort,85,406900
Selection Sort,86,296900
Selection Sort,87,320100
Selection Sort,88,295800
Selection Sort,89,295600
Selection Sort,90,295200
Selection Sort,91,295500
Selection Sort,92,295500
Selection Sort,93,295000
Selection Sort,94,304800
Selection Sort,95,296000
Selection Sort,96,295000
Selection Sort,97,294900
Selection Sort,98,295000
Selection Sort,99,296900
Selection Sort,100,292500
Selection Sort,101,299400
Selection Sort,102,292500
Selection Sort,103,293000
Selection Sort,104,294100
Selection Sort,105,293200
Selection Sort,106,293300
Selection Sort,107,300400
Selection Sort,108,292700
Selection Sort,109,292500
Selection Sort,110,308200
Selection Sort,111,292600
Selection Sort,112,358200
Selection Sort,113,292800
Selection Sort,114,303400
Selection Sort,115,292600
Selection Sort,116,292400
Selection Sort,117,292500
Selection Sort,118,292400
Selection Sort,119,292300
Selection Sort,120,300500
Selection Sort,121,293100
Selection Sort,122,292800
Selection Sort,123,292500
Selection Sort,124,294600
Selection Sort,125,290300
Selection Sort,126,291000
Selection Sort,127,297100
Selection Sort,128,290500
Selection Sort,129,290200
Selection Sort,130,290200
Selection Sort,131,290000
Selection Sort,132,290400
Selection Sort,133,290400
Selection Sort,134,309700
Selection Sort,135,290200
Selection Sort,136,291400
Selection Sort,137,387600
Selection Sort,138,495300
Selection Sort,139,385700
Selection Sort,140,371500
Selection Sort,141,370500
Selection Sort,142,480200
Selection Sort,143,383000
Selection Sort,144,364700
Selection Sort,145,364200
Selection Sort,146,363700
Selection Sort,147,386500
Selection Sort,148,375900
Selection Sort,149,363500
Selection Sort,150,364000
Selection Sort,151,363200
Selection Sort,152,373500
Selection Sort,153,363900
Selection Sort,154,363300
Selection Sort,155,363000
Selection Sort,156,363200
Selection Sort,157,388700
Selection Sort,158,363600
Selection Sort,159,363200
Selection Sort,160,363100
Selection Sort,161,363100
Selection Sort,162,363200
Selection Sort,163,396300
Selection Sort,164,363500
Selection Sort,165,363100
Selection Sort,166,362900
Selection Sort,167,363000
Selection Sort,168,371100
Selection Sort,169,363500
Selection Sort,170,362700
Selection Sort,171,362800
Selection Sort,172,362900
Selection Sort,173,362900
Selection Sort,174,371900
Selection Sort,175,362200
Selection Sort,176,360100
Selection Sort,177,360100
Selection Sort,178,360100
Selection Sort,179,369000
Selection Sort,180,360400
Selection Sort,181,430100
Selection Sort,182,446400
Selection Sort,183,438800
Selection Sort,184,481100
Selection Sort,185,333000
Selection Sort,186,293800
Selection Sort,187,290800
Selection Sort,188,295000
Selection Sort,189,296000
Selection Sort,190,291000
Selection Sort,191,377100
Selection Sort,192,291200
Selection Sort,193,291700
Selection Sort,194,290700
Selection Sort,195,290500
Selection Sort,196,290600
Selection Sort,197,303600
Selection Sort,198,290700
Selection Sort,199,290400
Selection Sort,200,302800
Selection Sort,201,290800
Selection Sort,202,290700
Selection Sort,203,290400
Selection Sort,204,299700
Selection Sort,205,290800
Selection Sort,206,290400
Selection Sort,207,290200
Selection Sort,208,290400
Selection Sort,209,290000
Selection Sort,210,290600
Selection Sort,211,304800
Selection Sort,212,288000
Selection Sort,213,287900
Selection Sort,214,288000
Selection Sort,215,287900
Selection Sort,216,288000
Selection Sort,217,288500
Selection Sort,218,295000
Selection Sort,219,288100
Selection Sort,220,288100
Selection Sort,221,288600
Selection Sort,222,288100
Selection Sort,223,288000
Selection Sort,224,288200
Selection Sort,225,295000
Selection Sort,226,288600
Selection Sort,227,288000
Selection Sort,228,288100
Selection Sort,229,287900
Selection Sort,230,289200
Selection Sort,231,295300
Selection Sort,232,288000
Selection Sort,233,289500
Selection Sort,234,288400
Selection Sort,235,326800
Selection Sort,236,371000
Selection Sort,237,386500
Selection Sort,238,443300
Selection Sort,239,441000
Selection Sort,240,445900
Selection Sort,241,503800
Selection Sort,242,363500
Selection Sort,243,380300
Selection Sort,244,371600
Selection Sort,245,361100
Selection Sort,246,395200
Selection Sort,247,361000
Selection Sort,248,368400
Selection Sort,249,360500
Selection Sort,250,360500
Selection Sort,251,382600
Selection Sort,252,360500
Selection Sort,253,360300
Selection Sort,254,369400
Selection Sort,255,360200
Selection Sort,256,367200
Selection Sort,257,360000
Selection Sort,258,360300
Selection Sort,259,367200
Selection Sort,260,360500
Selection Sort,261,360800
Selection Sort,262,369900
Selection Sort,263,360200
Selection Sort,264,359900
Selection Sort,265,370300
Selection Sort,266,360700
Selection Sort,267,368100
Selection Sort,268,359900
Selection Sort,269,360100
Selection Sort,270,367400
Selection Sort,271,360100
Selection Sort,272,360100
Selection Sort,273,367200
Selection Sort,274,360100
Selection Sort,275,367000
Selection Sort,276,359800
Selection Sort,277,360300
Selection Sort,278,366800
Selection Sort,279,382200
Selection Sort,280,384300
Selection Sort,281,571400
Selection Sort,282,669000
Selection Sort,283,414500
Selection Sort,284,406400
Selection Sort,285,360700
Selection Sort,286,360400
Selection Sort,287,365700
Selection Sort,288,360700
Selection Sort,289,372000
Selection Sort,290,364600
Selection Sort,291,360600
Selection Sort,292,363600
Selection Sort,293,360600
Selection Sort,294,377400
Selection Sort,295,364200
Selection Sort,296,360100
Selection Sort,297,360300
Selection Sort,298,363800
Selection Sort,299,360300
Selection Sort,300,376300
Selection Sort,301,360800
Selection Sort,302,361300
Selection Sort,303,366000
Selection Sort,304,362800
Selection Sort,305,375100
Selection Sort,306,369600
Selection Sort,307,362100
Selection Sort,308,363400
Selection Sort,309,363800
Selection Sort,310,360100
Selection Sort,311,374400
Selection Sort,312,360200
Selection Sort,313,360000
Selection Sort,314,363800
Selection Sort,315,362900
Selection Sort,316,370500
Selection Sort,317,364000
Selection Sort,318,360600
Selection Sort,319,363300
Selection Sort,320,362000
Selection Sort,321,360000
Selection Sort,322,388800
Selection Sort,323,495800
Selection Sort,324,480800
Selection Sort,325,504600
Selection Sort,326,418600
Selection Sort,327,421600
Selection Sort,328,360600
Selection Sort,329,370000
Selection Sort,330,360500
Selection Sort,331,381000
Selection Sort,332,360700
Selection Sort,333,360400
Selection Sort,334,370900
Selection Sort,335,360000
Selection Sort,336,374200
Selection Sort,337,363600
Selection Sort,338,360300
Selection Sort,339,360300
Selection Sort,340,363300
Selection Sort,341,359800
Selection Sort,342,374500
Selection Sort,343,357300
Selection Sort,344,357300
Selection Sort,345,360600
Selection Sort,346,357100
Selection Sort,347,367100
Selection Sort,348,363900
Selection Sort,349,357800
Selection Sort,350,357400
Selection Sort,351,291000
Selection Sort,352,288000
Selection Sort,353,301100
Selection Sort,354,301100
Selection Sort,355,290200
Selection Sort,356,285700
Selection Sort,357,288200
Selection Sort,358,286100
Selection Sort,359,286200
Selection Sort,360,294400
Selection Sort,361,290500
Selection Sort,362,288700
Selection Sort,363,287900
Selection Sort,364,288700
Selection Sort,365,285900
Selection Sort,366,285900
Selection Sort,367,297500
Selection Sort,368,311100
Selection Sort,369,285900
Selection Sort,370,310500
Selection Sort,371,431900
Selection Sort,372,418500
Selection Sort,373,549600
Selection Sort,374,378400
Selection Sort,375,365400
Selection Sort,376,364800
Selection Sort,377,387500
Selection Sort,378,364500
Selection Sort,379,364400
Selection Sort,380,363800
Selection Sort,381,363700
Selection Sort,382,363500
Selection Sort,383,374100
Selection Sort,384,363400
Selection Sort,385,363500
Selection Sort,386,363300
Selection Sort,387,363400
Selection Sort,388,372700
Selection Sort,389,363100
Selection Sort,390,366700
Selection Sort,391,365800
Selection Sort,392,365800
Selection Sort,393,374700
Selection Sort,394,351700
Selection Sort,395,290800
Selection Sort,396,290800
Selection Sort,397,290400
Selection Sort,398,290400
Selection Sort,399,291300
Selection Sort,400,296000
Selection Sort,401,288300
Selection Sort,402,288200
Selection Sort,403,288300
Selection Sort,404,288000
Selection Sort,405,288300
Selection Sort,406,297100
Selection Sort,407,288300
Selection Sort,408,288200
Selection Sort,409,288200
Selection Sort,410,288100
Selection Sort,411,288300
Selection Sort,412,288100
Selection Sort,413,316400
Selection Sort,414,288100
Selection Sort,415,288200
Selection Sort,416,291300
Selection Sort,417,376400
Selection Sort,418,310200
Selection Sort,419,358900
Selection Sort,420,309800
Selection Sort,421,301100
Selection Sort,422,593800
Selection Sort,423,554200
Selection Sort,424,430300
Selection Sort,425,403500
Selection Sort,426,365600
Selection Sort,427,364400
Selection Sort,428,363900
Selection Sort,429,381700
Selection Sort,430,364300
Selection Sort,431,363600
Selection Sort,432,363600
Selection Sort,433,363300
Selection Sort,434,363500
Selection Sort,435,372500
Selection Sort,436,363400
Selection Sort,437,363200
Selection Sort,438,363300
Selection Sort,439,365100
Selection Sort,440,372300
Selection Sort,441,363200
Selection Sort,442,364600
Selection Sort,443,363400
Selection Sort,444,363700
Selection Sort,445,363400
Selection Sort,446,372600
Selection Sort,447,363100
Selection Sort,448,363000
Selection Sort,449,362700
Selection Sort,450,363100
Selection Sort,451,371500
Selection Sort,452,363300
Selection Sort,453,362700
Selection Sort,454,409000
Selection Sort,455,362900
Selection Sort,456,365800
Selection Sort,457,375000
Selection Sort,458,362800
Selection Sort,459,535700
Selection Sort,460,358400
Selection Sort,461,374500
Selection Sort,462,387500
Selection Sort,463,361900
Selection Sort,464,380700
Selection Sort,465,368200
Selection Sort,466,290400
Selection Sort,467,286600
Selection Sort,468,291900
Selection Sort,469,358500
Selection Sort,470,357600
Selection Sort,471,286800
Selection Sort,472,286300
Selection Sort,473,286000
Selection Sort,474,285700
Selection Sort,475,286200
Selection Sort,476,301800
Selection Sort,477,296500
Selection Sort,478,288300
Selection Sort,479,288100
Selection Sort,480,288200
Selection Sort,481,288200
Selection Sort,482,288300
Selection Sort,483,295800
Selection Sort,484,288600
Selection Sort,485,288400
Selection Sort,486,289100
Selection Sort,487,285700
Selection Sort,488,285800
Selection Sort,489,293000
Selection Sort,490,285900
Selection Sort,491,285800
Selection Sort,492,285900
Selection Sort,493,286500
Selection Sort,494,285800
Selection Sort,495,294000
Selection Sort,496,285700
Selection Sort,497,286100
Selection Sort,498,286000
Selection Sort,499,298500
Selection Sort,500,285800
Selection Sort,501,285700
Selection Sort,502,292800
Selection Sort,503,285600
Selection Sort,504,286000
Selection Sort,505,285700
Selection Sort,506,285500
Selection Sort,507,285700
Selection Sort,508,285900
Selection Sort,509,327400
Selection Sort,510,286000
Selection Sort,511,285800
Selection Sort,512,285600
Selection Sort,513,285900
Selection Sort,514,285900
Selection Sort,515,285400
Selection Sort,516,304300
Selection Sort,517,290000
Selection Sort,518,404400
Selection Sort,519,348300
Selection Sort,520,290300
Selection Sort,521,333000
Selection Sort,522,361100
Selection Sort,523,387400
Selection Sort,524,442100
Selection Sort,525,362000
Selection Sort,526,360500
Selection Sort,527,360400
Selection Sort,528,383300
Selection Sort,529,362500
Selection Sort,530,290400
Selection Sort,531,291000
Selection Sort,532,290900
Selection Sort,533,290400
Selection Sort,534,373900
Selection Sort,535,363000
Selection Sort,536,363400
Selection Sort,537,362900
Selection Sort,538,363100
Selection Sort,539,362800
Selection Sort,540,371300
Selection Sort,541,363300
Selection Sort,542,348800
Selection Sort,543,290500
Selection Sort,544,348300
Selection Sort,545,290600
Selection Sort,546,290400
Selection Sort,547,290400
Selection Sort,548,290500
Selection Sort,549,290400
Selection Sort,550,290400
Selection Sort,551,290300
Selection Sort,552,301300
Selection Sort,553,290400
Selection Sort,554,290500
Selection Sort,555,290400
Selection Sort,556,290400
Selection Sort,557,292500
Selection Sort,558,376800
Selection Sort,559,357600
Selection Sort,560,292900
Selection Sort,561,292500
Selection Sort,562,296600
Selection Sort,563,312500
Selection Sort,564,295700
Selection Sort,565,294500
Selection Sort,566,294500
Selection Sort,567,294600
Selection Sort,568,375600
Selection Sort,569,522200
Selection Sort,570,494900
Selection Sort,571,559400
Selection Sort,572,515500
Selection Sort,573,538200
Selection Sort,574,471200
Selection Sort,575,388100
Selection Sort,576,405300
Selection Sort,577,389700
Selection Sort,578,369700
Selection Sort,579,364200
Selection Sort,580,366700
Selection Sort,581,363200
Selection Sort,582,363500
Selection Sort,583,379500
Selection Sort,584,363900
Selection Sort,585,363600
Selection Sort,586,418300
Selection Sort,587,363400
Selection Sort,588,377900
Selection Sort,589,363400
Selection Sort,590,363700
Selection Sort,591,369100
Selection Sort,592,363100
Selection Sort,593,374900
Selection Sort,594,366700
Selection Sort,595,363100
Selection Sort,596,366600
Selection Sort,597,363000
Selection Sort,598,363300
Selection Sort,599,475200
Selection Sort,600,688000
Selection Sort,601,366900
Selection Sort,602,366600
Selection Sort,603,387600
Selection Sort,604,366600
Selection Sort,605,366300
Selection Sort,606,365900
Selection Sort,607,365800
Selection Sort,608,376600
Selection Sort,609,524000
Selection Sort,610,371300
Selection Sort,611,439400
Selection Sort,612,475900
Selection Sort,613,382900
Selection Sort,614,667600
Selection Sort,615,407000
Selection Sort,616,412900
Selection Sort,617,299900
Selection Sort,618,292000
Selection Sort,619,292000
Selection Sort,620,290500
Selection Sort,621,290200
Selection Sort,622,305300
Selection Sort,623,290600
Selection Sort,624,328600
Selection Sort,625,290800
Selection Sort,626,290400
Selection Sort,627,291400
Selection Sort,628,290200
Selection Sort,629,300600
Selection Sort,630,290300
Selection Sort,631,290600
Selection Sort,632,290200
Selection Sort,633,290500
Selection Sort,634,290300
Selection Sort,635,290100
Selection Sort,636,297800
Selection Sort,637,290500
Selection Sort,638,292000
Selection Sort,639,290100
Selection Sort,640,290200
Selection Sort,641,290200
Selection Sort,642,297500
Selection Sort,643,290700
Selection Sort,644,287800
Selection Sort,645,317300
Selection Sort,646,297800
Selection Sort,647,288100
Selection Sort,648,292200
Selection Sort,649,312000
Selection Sort,650,290200
Selection Sort,651,290500
Selection Sort,652,290100
Selection Sort,653,291100
Selection Sort,654,289300
Selection Sort,655,288400
Selection Sort,656,298200
Selection Sort,657,288300
Selection Sort,658,288200
Selection Sort,659,288800
Selection Sort,660,389000
Selection Sort,661,498200
Selection Sort,662,547000
Selection Sort,663,473100
Selection Sort,664,297300
Selection Sort,665,294900
Selection Sort,666,310900
Selection Sort,667,353100
Selection Sort,668,295800
Selection Sort,669,294700
Selection Sort,670,317100
Selection Sort,671,295400
Selection Sort,672,308900
Selection Sort,673,295000
Selection Sort,674,294700
Selection Sort,675,295300
Selection Sort,676,305800
Selection Sort,677,295200
Selection Sort,678,295100
Selection Sort,679,294700
Selection Sort,680,294900
Selection Sort,681,295000
Selection Sort,682,295200
Selection Sort,683,314100
Selection Sort,684,294800
Selection Sort,685,295100
Selection Sort,686,294800
Selection Sort,687,295200
Selection Sort,688,295100
Selection Sort,689,294700
Selection Sort,690,307700
Selection Sort,691,295100
Selection Sort,692,294500
Selection Sort,693,294700
Selection Sort,694,294800
Selection Sort,695,317100
Selection Sort,696,449700
Selection Sort,697,443700
Selection Sort,698,440100
Selection Sort,699,410600
Selection Sort,700,293500
Selection Sort,701,306800
Selection Sort,702,292700
Selection Sort,703,293900
Selection Sort,704,292700
Selection Sort,705,292600
Selection Sort,706,292600
Selection Sort,707,292900
Selection Sort,708,318900
Selection Sort,709,292500
Selection Sort,710,292800
Selection Sort,711,425900
Selection Sort,712,294500
Selection Sort,713,327800
Selection Sort,714,323600
Selection Sort,715,293900
Selection Sort,716,345900
Selection Sort,717,295600
Selection Sort,718,295400
Selection Sort,719,386600
Selection Sort,720,319500
Selection Sort,721,294900
Selection Sort,722,294400
Selection Sort,723,294500
Selection Sort,724,295200
Selection Sort,725,294500
Selection Sort,726,294800
Selection Sort,727,302700
Selection Sort,728,295200
Selection Sort,729,295700
Selection Sort,730,295000
Selection Sort,731,295000
Selection Sort,732,295300
Selection Sort,733,294900
Selection Sort,734,302100
Selection Sort,735,294900
Selection Sort,736,295100
Selection Sort,737,294900
Selection Sort,738,294800
Selection Sort,739,294700
Selection Sort,740,311600
Selection Sort,741,294700
Selection Sort,742,335500
Selection Sort,743,293200
Selection Sort,744,292500
Selection Sort,745,333800
Selection Sort,746,293300
Selection Sort,747,303200
Selection Sort,748,292200
Selection Sort,749,292200
Selection Sort,750,292500
Selection Sort,751,293100
Selection Sort,752,292200
Selection Sort,753,300000
Selection Sort,754,292500
Selection Sort,755,292400
Selection Sort,756,292300
Selection Sort,757,292300
Selection Sort,758,292300
Selection Sort,759,292500
Selection Sort,760,300300
Selection Sort,761,292500
Selection Sort,762,292600
Selection Sort,763,292400
Selection Sort,764,292300
Selection Sort,765,315700
Selection Sort,766,432200
Selection Sort,767,321400
Selection Sort,768,334300
Selection Sort,769,290600
Selection Sort,770,383400
Selection Sort,771,357500
Selection Sort,772,293700
Selection Sort,773,292200
Selection Sort,774,333100
Selection Sort,775,292700
Selection Sort,776,316300
Selection Sort,777,293200
Selection Sort,778,292400
Selection Sort,779,292400
Selection Sort,780,292300
Selection Sort,781,292600
Selection Sort,782,292300
Selection Sort,783,313700
Selection Sort,784,292500
Selection Sort,785,292400
Selection Sort,786,292300
Selection Sort,787,292400
Selection Sort,788,292200
Selection Sort,789,292500
Selection Sort,790,300500
Selection Sort,791,292200
Selection Sort,792,292400
Selection Sort,793,292200
Selection Sort,794,292300
Selection Sort,795,292500
Selection Sort,796,331100
Selection Sort,797,290500
Selection Sort,798,290100
Selection Sort,799,291600
Selection Sort,800,290300
Selection Sort,801,290300
Selection Sort,802,290500
Selection Sort,803,299600
Selection Sort,804,292600
Selection Sort,805,290500
Selection Sort,806,290500
Selection Sort,807,290500
Selection Sort,808,290600
Selection Sort,809,330800
Selection Sort,810,304400
Selection Sort,811,290500
Selection Sort,812,290400
Selection Sort,813,290700
Selection Sort,814,290600
Selection Sort,815,290600
Selection Sort,816,302100
Selection Sort,817,329700
Selection Sort,818,290500
Selection Sort,819,433700
Selection Sort,820,395900
Selection Sort,821,380100
Selection Sort,822,364800
Selection Sort,823,394200
Selection Sort,824,504300
Selection Sort,825,387700
Selection Sort,826,360100
Selection Sort,827,381200
Selection Sort,828,360000
Selection Sort,829,358200
Selection Sort,830,383600
Selection Sort,831,358200
Selection Sort,832,365400
Selection Sort,833,360300
Selection Sort,834,357600
Selection Sort,835,379100
Selection Sort,836,357700
Selection Sort,837,357300
Selection Sort,838,365800
Selection Sort,839,357900
Selection Sort,840,357500
Selection Sort,841,625100
Selection Sort,842,363900
Selection Sort,843,372300
Selection Sort,844,359300
Selection Sort,845,369100
Selection Sort,846,357800
Selection Sort,847,357200
Selection Sort,848,364800
Selection Sort,849,357900
Selection Sort,850,357500
Selection Sort,851,364900
Selection Sort,852,357300
Selection Sort,853,359100
Selection Sort,854,364500
Selection Sort,855,357400
Selection Sort,856,394200
Selection Sort,857,357300
Selection Sort,858,357200
Selection Sort,859,366700
Selection Sort,860,357500
Selection Sort,861,357300
Selection Sort,862,374700
Selection Sort,863,518200
Selection Sort,864,444500
Selection Sort,865,502100
Selection Sort,866,461600
Selection Sort,867,506400
Selection Sort,868,464700
Selection Sort,869,446900
Selection Sort,870,429800
Selection Sort,871,470400
Selection Sort,872,429900
Selection Sort,873,429500
Selection Sort,874,429700
Selection Sort,875,446900
Selection Sort,876,429700
Selection Sort,877,429400
Selection Sort,878,429000
Selection Sort,879,527500
Selection Sort,880,342800
Selection Sort,881,291900
Selection Sort,882,291800
Selection Sort,883,291100
Selection Sort,884,292900
Selection Sort,885,303800
Selection Sort,886,289100
Selection Sort,887,289000
Selection Sort,888,288400
Selection Sort,889,289000
Selection Sort,890,288800
Selection Sort,891,288100
Selection Sort,892,296700
Selection Sort,893,288500
Selection Sort,894,288200
Selection Sort,895,288300
Selection Sort,896,301100
Selection Sort,897,288200
Selection Sort,898,295800
Selection Sort,899,288900
Selection Sort,900,288300
Selection Sort,901,288400
Selection Sort,902,288200
Selection Sort,903,288100
Selection Sort,904,288400
Selection Sort,905,302300
Selection Sort,906,288900
Selection Sort,907,288700
Selection Sort,908,290200
Selection Sort,909,299600
Selection Sort,910,613000
Selection Sort,911,540000
Selection Sort,912,538000
Selection Sort,913,542300
Selection Sort,914,543700
Selection Sort,915,530100
Selection Sort,916,436900
Selection Sort,917,356100
Selection Sort,918,406200
Selection Sort,919,356100
Selection Sort,920,355200
Selection Sort,921,355400
Selection Sort,922,355100
Selection Sort,923,363700
Selection Sort,924,355300
Selection Sort,925,375900
Selection Sort,926,354900
Selection Sort,927,355100
Selection Sort,928,355200
Selection Sort,929,367300
Selection Sort,930,357900
Selection Sort,931,354900
Selection Sort,932,354800
Selection Sort,933,354900
Selection Sort,934,363700
Selection Sort,935,354400
Selection Sort,936,412300
Selection Sort,937,352100
Selection Sort,938,352100
Selection Sort,939,352000
Selection Sort,940,362500
Selection Sort,941,354300
Selection Sort,942,352200
Selection Sort,943,354800
Selection Sort,944,360500
Selection Sort,945,369600
Selection Sort,946,360400
Selection Sort,947,363100
Selection Sort,948,297600
Selection Sort,949,292700
Selection Sort,950,292700
Selection Sort,951,292600
Selection Sort,952,306800
Selection Sort,953,705100
Selection Sort,954,493200
Selection Sort,955,482800
Selection Sort,956,420800
Selection Sort,957,550700
Selection Sort,958,503200
Selection Sort,959,432200
Selection Sort,960,406500
Selection Sort,961,289400
Selection Sort,962,289300
Selection Sort,963,289100
Selection Sort,964,288800
Selection Sort,965,288200
Selection Sort,966,299900
Selection Sort,967,296700
Selection Sort,968,343300
Selection Sort,969,317500
Selection Sort,970,288600
Selection Sort,971,288800
Selection Sort,972,288500
Selection Sort,973,308500
Selection Sort,974,288700
Selection Sort,975,288200
Selection Sort,976,288500
Selection Sort,977,288100
Selection Sort,978,326700
Selection Sort,979,296200
Selection Sort,980,288100
Selection Sort,981,288200
Selection Sort,982,290700
Selection Sort,983,285800
Selection Sort,984,286200
Selection Sort,985,286000
Selection Sort,986,293200
Selection Sort,987,286400
Selection Sort,988,286100
Selection Sort,989,286000
Selection Sort,990,285900
Selection Sort,991,286300
Selection Sort,992,286400
Selection Sort,993,293600
Selection Sort,994,286800
Selection Sort,995,285700
Selection Sort,996,286200
Selection Sort,997,286100
Selection Sort,998,285900
Selection Sort,999,286000
Selection Sort,1000,299900
Quick Sort,1,304200
Quick Sort,2,273100
Quick Sort,3,279500
Quick Sort,4,387000
Quick Sort,5,358400
Quick Sort,6,272600
Quick Sort,7,224500
Quick Sort,8,129000
Quick Sort,9,230600
Quick Sort,10,92700
Quick Sort,11,94900
Quick Sort,12,95900
Quick Sort,13,127500
Quick Sort,14,102400
Quick Sort,15,118300
Quick Sort,16,97300
Quick Sort,17,101200
Quick Sort,18,101300
Quick Sort,19,95700
Quick Sort,20,96700
Quick Sort,21,98500
Quick Sort,22,96800
Quick Sort,23,94700
Quick Sort,24,80600
Quick Sort,25,102600
Quick Sort,26,161900
Quick Sort,27,88600
Quick Sort,28,81500
Quick Sort,29,77100
Quick Sort,30,75000
Quick Sort,31,87700
Quick Sort,32,155300
Quick Sort,33,76500
Quick Sort,34,75200
Quick Sort,35,129700
Quick Sort,36,111900
Quick Sort,37,256000
Quick Sort,38,81200
Quick Sort,39,74000
Quick Sort,40,75400
Quick Sort,41,73300
Quick Sort,42,73700
Quick Sort,43,74800
Quick Sort,44,74000
Quick Sort,45,74600
Quick Sort,46,101900
Quick Sort,47,200500
Quick Sort,48,101000
Quick Sort,49,93000
Quick Sort,50,96100
Quick Sort,51,86300
Quick Sort,52,88600
Quick Sort,53,95100
Quick Sort,54,76600
Quick Sort,55,73000
Quick Sort,56,75400
Quick Sort,57,73300
Quick Sort,58,74800
Quick Sort,59,73900
Quick Sort,60,73800
Quick Sort,61,72200
Quick Sort,62,73300
Quick Sort,63,73500
Quick Sort,64,73700
Quick Sort,65,74600
Quick Sort,66,72800
Quick Sort,67,74800
Quick Sort,68,74500
Quick Sort,69,73300
Quick Sort,70,72100
Quick Sort,71,74100
Quick Sort,72,74300
Quick Sort,73,95500
Quick Sort,74,105300
Quick Sort,75,93000
Quick Sort,76,92100
Quick Sort,77,105100
Quick Sort,78,92300
Quick Sort,79,90700
Quick Sort,80,92100
Quick Sort,81,90800
Quick Sort,82,92400
Quick Sort,83,92200
Quick Sort,84,90700
Quick Sort,85,93200
Quick Sort,86,92600
Quick Sort,87,92800
Quick Sort,88,91700
Quick Sort,89,95000
Quick Sort,90,80800
Quick Sort,91,74600
Quick Sort,92,74900
Quick Sort,93,76000
Quick Sort,94,75100
Quick Sort,95,73300
Quick Sort,96,74500
Quick Sort,97,73800
Quick Sort,98,74500
Quick Sort,99,74300
Quick Sort,100,74700
Quick Sort,101,86600
Quick Sort,102,74200
Quick Sort,103,75200
Quick Sort,104,75400
Quick Sort,105,73000
Quick Sort,106,89300
Quick Sort,107,75200
Quick Sort,108,74200
Quick Sort,109,73600
Quick Sort,110,73500
Quick Sort,111,74100
Quick Sort,112,74300
Quick Sort,113,73400
Quick Sort,114,74300
Quick Sort,115,74600
Quick Sort,116,73200
Quick Sort,117,75500
Quick Sort,118,74300
Quick Sort,119,72800
Quick Sort,120,73900
Quick Sort,121,73000
Quick Sort,122,74100
Quick Sort,123,74500
Quick Sort,124,73800
Quick Sort,125,74800
Quick Sort,126,85100
Quick Sort,127,72800
Quick Sort,128,73600
Quick Sort,129,74300
Quick Sort,130,73300
Quick Sort,131,74000
Quick Sort,132,74200
Quick Sort,133,72800
Quick Sort,134,75500
Quick Sort,135,73900
Quick Sort,136,73900
Quick Sort,137,72900
Quick Sort,138,73300
Quick Sort,139,72600
Quick Sort,140,74000
Quick Sort,141,73600
Quick Sort,142,73700
Quick Sort,143,74400
Quick Sort,144,74700
Quick Sort,145,73800
Quick Sort,146,73800
Quick Sort,147,74400
Quick Sort,148,75100
Quick Sort,149,74700
Quick Sort,150,75700
Quick Sort,151,74000
Quick Sort,152,75400
Quick Sort,153,83300
Quick Sort,154,74700
Quick Sort,155,74200
Quick Sort,156,129200
Quick Sort,157,88700
Quick Sort,158,93000
Quick Sort,159,85600
Quick Sort,160,101500
Quick Sort,161,74200
Quick Sort,162,73800
Quick Sort,163,74100
Quick Sort,164,74300
Quick Sort,165,72400
Quick Sort,166,73600
Quick Sort,167,75700
Quick Sort,168,73700
Quick Sort,169,74200
Quick Sort,170,74000
Quick Sort,171,74000
Quick Sort,172,74700
Quick Sort,173,74800
Quick Sort,174,73500
Quick Sort,175,72900
Quick Sort,176,75000
Quick Sort,177,99500
Quick Sort,178,74600
Quick Sort,179,73600
Quick Sort,180,74200
Quick Sort,181,75200
Quick Sort,182,72900
Quick Sort,183,75200
Quick Sort,184,104000
Quick Sort,185,100200
Quick Sort,186,92500
Quick Sort,187,90500
Quick Sort,188,91400
Quick Sort,189,92700
Quick Sort,190,93000
Quick Sort,191,90800
Quick Sort,192,93300
Quick Sort,193,130500
Quick Sort,194,133400
Quick Sort,195,99200
Quick Sort,196,96700
Quick Sort,197,137400
Quick Sort,198,96000
Quick Sort,199,93500
Quick Sort,200,94800
Quick Sort,201,92900
Quick Sort,202,93300
Quick Sort,203,93100
Quick Sort,204,92200
Quick Sort,205,92000
Quick Sort,206,93600
Quick Sort,207,92900
Quick Sort,208,91900
Quick Sort,209,90900
Quick Sort,210,92400
Quick Sort,211,92100
Quick Sort,212,108300
Quick Sort,213,105900
Quick Sort,214,223100
Quick Sort,215,124200
Quick Sort,216,117300
Quick Sort,217,155300
Quick Sort,218,127000
Quick Sort,219,127500
Quick Sort,220,124300
Quick Sort,221,116800
Quick Sort,222,111600
Quick Sort,223,106300
Quick Sort,224,115600
Quick Sort,225,114400
Quick Sort,226,200900
Quick Sort,227,114900
Quick Sort,228,122500
Quick Sort,229,95400
Quick Sort,230,104200
Quick Sort,231,108100
Quick Sort,232,105900
Quick Sort,233,107900
Quick Sort,234,116900
Quick Sort,235,109600
Quick Sort,236,110900
Quick Sort,237,112800
Quick Sort,238,126700
Quick Sort,239,93300
Quick Sort,240,92600
Quick Sort,241,98500
Quick Sort,242,97800
Quick Sort,243,96300
Quick Sort,244,101700
Quick Sort,245,93800
Quick Sort,246,102300
Quick Sort,247,102100
Quick Sort,248,97300
Quick Sort,249,98600
Quick Sort,250,101400
Quick Sort,251,97000
Quick Sort,252,99500
Quick Sort,253,88400
Quick Sort,254,89500
Quick Sort,255,99900
Quick Sort,256,94800
Quick Sort,257,85600
Quick Sort,258,108900
Quick Sort,259,90600
Quick Sort,260,86000
Quick Sort,261,89500
Quick Sort,262,99300
Quick Sort,263,90900
Quick Sort,264,136000
Quick Sort,265,101400
Quick Sort,266,99800
Quick Sort,267,104000
Quick Sort,268,107500
Quick Sort,269,105600
Quick Sort,270,103900
Quick Sort,271,103600
Quick Sort,272,102100
Quick Sort,273,100600
Quick Sort,274,90900
Quick Sort,275,96100
Quick Sort,276,97300
Quick Sort,277,121200
Quick Sort,278,103000
Quick Sort,279,91900
Quick Sort,280,89200
Quick Sort,281,99700
Quick Sort,282,102900
Quick Sort,283,100700
Quick Sort,284,102200
Quick Sort,285,99000
Quick Sort,286,99500
Quick Sort,287,99700
Quick Sort,288,85000
Quick Sort,289,95300
Quick Sort,290,97600
Quick Sort,291,89100
Quick Sort,292,86900
Quick Sort,293,95500
Quick Sort,294,90900
Quick Sort,295,92500
Quick Sort,296,99600
Quick Sort,297,110800
Quick Sort,298,105300
Quick Sort,299,100600
Quick Sort,300,102700
Quick Sort,301,98700
Quick Sort,302,100200
Quick Sort,303,93000
Quick Sort,304,98800
Quick Sort,305,97500
Quick Sort,306,101600
Quick Sort,307,102000
Quick Sort,308,100500
Quick Sort,309,98400
Quick Sort,310,76700
Quick Sort,311,76100
Quick Sort,312,74100
Quick Sort,313,77800
Quick Sort,314,73100
Quick Sort,315,73500
Quick Sort,316,73200
Quick Sort,317,73600
Quick Sort,318,74300
Quick Sort,319,88000
Quick Sort,320,74400
Quick Sort,321,73400
Quick Sort,322,73600
Quick Sort,323,75100
Quick Sort,324,74200
Quick Sort,325,74300
Quick Sort,326,72900
Quick Sort,327,74200
Quick Sort,328,78700
Quick Sort,329,74700
Quick Sort,330,74600
Quick Sort,331,72300
Quick Sort,332,74100
Quick Sort,333,71800
Quick Sort,334,72400
Quick Sort,335,73500
Quick Sort,336,72900
Quick Sort,337,70800
Quick Sort,338,73600
Quick Sort,339,73700
Quick Sort,340,72100
Quick Sort,341,74000
Quick Sort,342,74100
Quick Sort,343,73900
Quick Sort,344,72700
Quick Sort,345,84000
Quick Sort,346,74200
Quick Sort,347,73100
Quick Sort,348,74900
Quick Sort,349,72900
Quick Sort,350,73600
Quick Sort,351,72900
Quick Sort,352,80900
Quick Sort,353,97100
Quick Sort,354,88000
Quick Sort,355,90800
Quick Sort,356,111200
Quick Sort,357,106200
Quick Sort,358,85400
Quick Sort,359,132400
Quick Sort,360,103800
Quick Sort,361,112800
Quick Sort,362,129100
Quick Sort,363,132600
Quick Sort,364,125900
Quick Sort,365,160900
Quick Sort,366,133000
Quick Sort,367,124700
Quick Sort,368,143600
Quick Sort,369,144900
Quick Sort,370,136700
Quick Sort,371,128800
Quick Sort,372,138000
Quick Sort,373,135600
Quick Sort,374,144500
Quick Sort,375,186400
Quick Sort,376,153400
Quick Sort,377,74100
Quick Sort,378,75900
Quick Sort,379,73300
Quick Sort,380,90000
Quick Sort,381,103300
Quick Sort,382,113000
Quick Sort,383,106200
Quick Sort,384,110700
Quick Sort,385,118600
Quick Sort,386,108200
Quick Sort,387,107200
Quick Sort,388,103400
Quick Sort,389,104700
Quick Sort,390,474800
Quick Sort,391,108200
Quick Sort,392,109100
Quick Sort,393,122400
Quick Sort,394,92400
Quick Sort,395,93600
Quick Sort,396,105400
Quick Sort,397,108000
Quick Sort,398,108800
Quick Sort,399,108400
Quick Sort,400,108200
Quick Sort,401,136900
Quick Sort,402,101700
Quick Sort,403,102400
Quick Sort,404,105700
Quick Sort,405,93400
Quick Sort,406,95900
Quick Sort,407,207300
Quick Sort,408,102500
Quick Sort,409,96000
Quick Sort,410,103800
Quick Sort,411,117100
Quick Sort,412,108500
Quick Sort,413,113400
Quick Sort,414,103900
Quick Sort,415,116200
Quick Sort,416,106100
Quick Sort,417,98800
Quick Sort,418,99900
Quick Sort,419,84600
Quick Sort,420,86600
Quick Sort,421,89600
Quick Sort,422,87200
Quick Sort,423,86900
Quick Sort,424,90000
Quick Sort,425,95700
Quick Sort,426,113900
Quick Sort,427,109800
Quick Sort,428,107400
Quick Sort,429,115900
Quick Sort,430,131300
Quick Sort,431,100700
Quick Sort,432,106200
Quick Sort,433,109100
Quick Sort,434,99400
Quick Sort,435,105100
Quick Sort,436,100900
Quick Sort,437,102500
Quick Sort,438,101000
Quick Sort,439,92200
Quick Sort,440,86300
Quick Sort,441,84100
Quick Sort,442,93000
Quick Sort,443,90100
Quick Sort,444,95700
Quick Sort,445,107500
Quick Sort,446,108500
Quick Sort,447,107400
Quick Sort,448,120600
Quick Sort,449,127200
Quick Sort,450,108000
Quick Sort,451,107400
Quick Sort,452,102600
Quick Sort,453,101200
Quick Sort,454,101800
Quick Sort,455,101600
Quick Sort,456,103400
Quick Sort,457,100100
Quick Sort,458,141200
Quick Sort,459,110400
Quick Sort,460,220500
Quick Sort,461,143700
Quick Sort,462,74800
Quick Sort,463,73500
Quick Sort,464,73700
Quick Sort,465,145100
Quick Sort,466,970600
Quick Sort,467,107200
Quick Sort,468,93600
Quick Sort,469,91100
Quick Sort,470,93700
Quick Sort,471,91000
Quick Sort,472,93000
Quick Sort,473,120300
Quick Sort,474,94000
Quick Sort,475,89000
Quick Sort,476,92000
Quick Sort,477,92500
Quick Sort,478,89400
Quick Sort,479,91300
Quick Sort,480,91300
Quick Sort,481,91500
Quick Sort,482,91900
Quick Sort,483,91100
Quick Sort,484,91000
Quick Sort,485,90800
Quick Sort,486,90900
Quick Sort,487,143800
Quick Sort,488,149100
Quick Sort,489,93900
Quick Sort,490,93900
Quick Sort,491,91200
Quick Sort,492,105300
Quick Sort,493,91800
Quick Sort,494,90800
Quick Sort,495,91200
Quick Sort,496,91900
Quick Sort,497,89400
Quick Sort,498,89600
Quick Sort,499,91000
Quick Sort,500,90300
Quick Sort,501,91100
Quick Sort,502,90900
Quick Sort,503,92100
Quick Sort,504,91100
Quick Sort,505,90000
Quick Sort,506,93200
Quick Sort,507,92200
Quick Sort,508,90700
Quick Sort,509,90200
Quick Sort,510,91600
Quick Sort,511,91900
Quick Sort,512,90600
Quick Sort,513,90400
Quick Sort,514,108300
Quick Sort,515,90400
Quick Sort,516,91600
Quick Sort,517,247400
Quick Sort,518,102600
Quick Sort,519,105700
Quick Sort,520,90900
Quick Sort,521,89100
Quick Sort,522,116300
Quick Sort,523,91300
Quick Sort,524,88300
Quick Sort,525,90400
Quick Sort,526,88700
Quick Sort,527,87900
Quick Sort,528,88300
Quick Sort,529,88000
Quick Sort,530,89500
Quick Sort,531,90000
Quick Sort,532,88800
Quick Sort,533,88100
Quick Sort,534,90200
Quick Sort,535,87500
Quick Sort,536,90100
Quick Sort,537,91100
Quick Sort,538,89400
Quick Sort,539,92400
Quick Sort,540,90100
Quick Sort,541,89800
Quick Sort,542,90100
Quick Sort,543,108900
Quick Sort,544,90900
Quick Sort,545,92300
Quick Sort,546,88600
Quick Sort,547,107900
Quick Sort,548,91600
Quick Sort,549,89200
Quick Sort,550,87800
Quick Sort,551,90500
Quick Sort,552,86000
Quick Sort,553,89300
Quick Sort,554,91200
Quick Sort,555,88900
Quick Sort,556,91800
Quick Sort,557,89000
Quick Sort,558,87600
Quick Sort,559,88600
Quick Sort,560,88700
Quick Sort,561,87600
Quick Sort,562,90400
Quick Sort,563,89200
Quick Sort,564,78900
Quick Sort,565,91600
Quick Sort,566,72400
Quick Sort,567,71800
Quick Sort,568,73700
Quick Sort,569,71800
Quick Sort,570,73200
Quick Sort,571,74100
Quick Sort,572,72900
Quick Sort,573,74100
Quick Sort,574,72600
Quick Sort,575,73800
Quick Sort,576,73700
Quick Sort,577,73300
Quick Sort,578,72600
Quick Sort,579,73700
Quick Sort,580,72500
Quick Sort,581,75600
Quick Sort,582,74300
Quick Sort,583,72100
Quick Sort,584,73500
Quick Sort,585,75200
Quick Sort,586,73700
Quick Sort,587,73700
Quick Sort,588,74400
Quick Sort,589,73000
Quick Sort,590,72500
Quick Sort,591,84700
Quick Sort,592,73300
Quick Sort,593,72100
Quick Sort,594,74400
Quick Sort,595,72600
Quick Sort,596,73100
Quick Sort,597,73200
Quick Sort,598,72500
Quick Sort,599,71700
Quick Sort,600,73800
Quick Sort,601,72700
Quick Sort,602,71500
Quick Sort,603,74300
Quick Sort,604,73600
Quick Sort,605,74100
Quick Sort,606,72500
Quick Sort,607,73700
Quick Sort,608,72500
Quick Sort,609,73700
Quick Sort,610,72600
Quick Sort,611,78000
Quick Sort,612,88400
Quick Sort,613,75200
Quick Sort,614,72600
Quick Sort,615,72100
Quick Sort,616,72500
Quick Sort,617,83500
Quick Sort,618,73100
Quick Sort,619,73900
Quick Sort,620,73800
Quick Sort,621,73700
Quick Sort,622,86900
Quick Sort,623,93200
Quick Sort,624,73300
Quick Sort,625,73500
Quick Sort,626,74900
Quick Sort,627,72800
Quick Sort,628,71900
Quick Sort,629,73200
Quick Sort,630,73600
Quick Sort,631,72600
Quick Sort,632,72700
Quick Sort,633,73500
Quick Sort,634,73100
Quick Sort,635,72200
Quick Sort,636,73200
Quick Sort,637,73900
Quick Sort,638,75200
Quick Sort,639,73700
Quick Sort,640,72700
Quick Sort,641,71700
Quick Sort,642,73100
Quick Sort,643,89200
Quick Sort,644,72900
Quick Sort,645,72800
Quick Sort,646,74100
Quick Sort,647,72100
Quick Sort,648,73900
Quick Sort,649,74100
Quick Sort,650,72500
Quick Sort,651,72000
Quick Sort,652,72100
Quick Sort,653,73700
Quick Sort,654,72700
Quick Sort,655,74900
Quick Sort,656,73200
Quick Sort,657,73100
Quick Sort,658,72200
Quick Sort,659,71700
Quick Sort,660,72500
Quick Sort,661,71400
Quick Sort,662,71700
Quick Sort,663,71600
Quick Sort,664,70300
Quick Sort,665,70900
Quick Sort,666,73100
Quick Sort,667,72400
Quick Sort,668,73300
Quick Sort,669,72700
Quick Sort,670,80800
Quick Sort,671,71500
Quick Sort,672,72500
Quick Sort,673,81200
Quick Sort,674,80500
Quick Sort,675,71200
Quick Sort,676,71300
Quick Sort,677,71900
Quick Sort,678,73100
Quick Sort,679,71700
Quick Sort,680,73600
Quick Sort,681,72300
Quick Sort,682,75000
Quick Sort,683,70700
Quick Sort,684,72300
Quick Sort,685,74800
Quick Sort,686,75200
Quick Sort,687,71500
Quick Sort,688,71800
Quick Sort,689,72000
Quick Sort,690,71700
Quick Sort,691,73300
Quick Sort,692,70600
Quick Sort,693,72600
Quick Sort,694,73500
Quick Sort,695,72700
Quick Sort,696,86600
Quick Sort,697,72800
Quick Sort,698,71300
Quick Sort,699,72000
Quick Sort,700,73000
Quick Sort,701,72600
Quick Sort,702,75600
Quick Sort,703,71900
Quick Sort,704,72100
Quick Sort,705,74300
Quick Sort,706,72900
Quick Sort,707,71600
Quick Sort,708,72100
Quick Sort,709,73900
Quick Sort,710,71600
Quick Sort,711,71900
Quick Sort,712,73600
Quick Sort,713,71500
Quick Sort,714,73200
Quick Sort,715,72700
Quick Sort,716,72600
Quick Sort,717,74400
Quick Sort,718,71400
Quick Sort,719,72700
Quick Sort,720,77200
Quick Sort,721,85200
Quick Sort,722,169600
Quick Sort,723,126600
Quick Sort,724,100000
Quick Sort,725,119800
Quick Sort,726,107400
Quick Sort,727,212900
Quick Sort,728,98200
Quick Sort,729,98100
Quick Sort,730,154400
Quick Sort,731,115200
Quick Sort,732,92300
Quick Sort,733,92900
Quick Sort,734,92000
Quick Sort,735,90300
Quick Sort,736,90000
Quick Sort,737,92500
Quick Sort,738,89500
Quick Sort,739,91700
Quick Sort,740,91200
Quick Sort,741,228800
Quick Sort,742,370700
Quick Sort,743,117800
Quick Sort,744,377300
Quick Sort,745,96700
Quick Sort,746,92500
Quick Sort,747,92900
Quick Sort,748,91700
Quick Sort,749,92400
Quick Sort,750,90300
Quick Sort,751,91600
Quick Sort,752,111100
Quick Sort,753,90400
Quick Sort,754,107000
Quick Sort,755,93600
Quick Sort,756,89200
Quick Sort,757,90700
Quick Sort,758,89900
Quick Sort,759,88400
Quick Sort,760,89400
Quick Sort,761,88000
Quick Sort,762,89700
Quick Sort,763,91700
Quick Sort,764,89500
Quick Sort,765,90500
Quick Sort,766,91800
Quick Sort,767,89300
Quick Sort,768,90900
Quick Sort,769,89600
Quick Sort,770,87800
Quick Sort,771,90000
Quick Sort,772,108400
Quick Sort,773,91400
Quick Sort,774,90000
Quick Sort,775,89700
Quick Sort,776,89800
Quick Sort,777,89300
Quick Sort,778,89300
Quick Sort,779,89800
Quick Sort,780,89800
Quick Sort,781,90400
Quick Sort,782,92600
Quick Sort,783,94700
Quick Sort,784,90900
Quick Sort,785,90100
Quick Sort,786,90000
Quick Sort,787,90000
Quick Sort,788,90200
Quick Sort,789,89600
Quick Sort,790,88000
Quick Sort,791,90000
Quick Sort,792,90700
Quick Sort,793,89900
Quick Sort,794,103700
Quick Sort,795,89200
Quick Sort,796,90500
Quick Sort,797,89500
Quick Sort,798,91200
Quick Sort,799,91500
Quick Sort,800,90000
Quick Sort,801,87900
Quick Sort,802,88900
Quick Sort,803,89800
Quick Sort,804,89200
Quick Sort,805,88700
Quick Sort,806,91100
Quick Sort,807,90700
Quick Sort,808,88500
Quick Sort,809,89500
Quick Sort,810,90400
Quick Sort,811,87800
Quick Sort,812,89500
Quick Sort,813,88500
Quick Sort,814,90100
Quick Sort,815,101900
Quick Sort,816,89300
Quick Sort,817,88500
Quick Sort,818,90000
Quick Sort,819,90000
Quick Sort,820,89000
Quick Sort,821,89400
Quick Sort,822,87600
Quick Sort,823,89900
Quick Sort,824,89700
Quick Sort,825,89200
Quick Sort,826,89700
Quick Sort,827,89600
Quick Sort,828,87700
Quick Sort,829,89400
Quick Sort,830,88500
Quick Sort,831,93400
Quick Sort,832,88600
Quick Sort,833,87600
Quick Sort,834,89700
Quick Sort,835,90100
Quick Sort,836,89700
Quick Sort,837,102200
Quick Sort,838,107100
Quick Sort,839,89800
Quick Sort,840,89300
Quick Sort,841,88600
Quick Sort,842,87000
Quick Sort,843,88600
Quick Sort,844,88900
Quick Sort,845,88900
Quick Sort,846,90900
Quick Sort,847,89000
Quick Sort,848,98500
Quick Sort,849,116800
Quick Sort,850,96900
Quick Sort,851,89700
Quick Sort,852,88200
Quick Sort,853,88800
Quick Sort,854,92100
Quick Sort,855,121300
Quick Sort,856,87300
Quick Sort,857,103700
Quick Sort,858,88800
Quick Sort,859,89700
Quick Sort,860,88000
Quick Sort,861,91200
Quick Sort,862,88900
Quick Sort,863,90300
Quick Sort,864,91700
Quick Sort,865,219200
Quick Sort,866,92900
Quick Sort,867,91200
Quick Sort,868,88800
Quick Sort,869,87800
Quick Sort,870,91100
Quick Sort,871,88800
Quick Sort,872,88200
Quick Sort,873,88700
Quick Sort,874,87800
Quick Sort,875,88600
Quick Sort,876,88400
Quick Sort,877,108100
Quick Sort,878,105100
Quick Sort,879,89200
Quick Sort,880,206600
Quick Sort,881,273500
Quick Sort,882,114500
Quick Sort,883,120700
Quick Sort,884,116200
Quick Sort,885,505200
Quick Sort,886,116200
Quick Sort,887,98300
Quick Sort,888,75100
Quick Sort,889,86500
Quick Sort,890,92100
Quick Sort,891,82800
Quick Sort,892,96900
Quick Sort,893,92200
Quick Sort,894,96300
Quick Sort,895,107100
Quick Sort,896,92400
Quick Sort,897,91700
Quick Sort,898,158000
Quick Sort,899,98700
Quick Sort,900,84200
Quick Sort,901,74700
Quick Sort,902,70800
Quick Sort,903,72500
Quick Sort,904,72700
Quick Sort,905,71800
Quick Sort,906,74900
Quick Sort,907,72900
Quick Sort,908,71500
Quick Sort,909,74700
Quick Sort,910,73200
Quick Sort,911,71800
Quick Sort,912,72700
Quick Sort,913,73000
Quick Sort,914,70500
Quick Sort,915,71800
Quick Sort,916,71800
Quick Sort,917,71400
Quick Sort,918,71500
Quick Sort,919,71900
Quick Sort,920,85300
Quick Sort,921,73300
Quick Sort,922,70700
Quick Sort,923,71500
Quick Sort,924,70300
Quick Sort,925,71300
Quick Sort,926,71900
Quick Sort,927,72200
Quick Sort,928,72100
Quick Sort,929,71500
Quick Sort,930,70100
Quick Sort,931,72300
Quick Sort,932,70900
Quick Sort,933,71600
Quick Sort,934,71000
Quick Sort,935,71400
Quick Sort,936,71600
Quick Sort,937,70600
Quick Sort,938,70900
Quick Sort,939,72500
Quick Sort,940,71400
Quick Sort,941,72700
Quick Sort,942,73000
Quick Sort,943,71900
Quick Sort,944,72300
Quick Sort,945,71100
Quick Sort,946,72400
Quick Sort,947,82900
Quick Sort,948,71400
Quick Sort,949,72700
Quick Sort,950,82000
Quick Sort,951,88900
Quick Sort,952,78800
Quick Sort,953,71400
Quick Sort,954,71100
Quick Sort,955,73000
Quick Sort,956,71400
Quick Sort,957,71500
Quick Sort,958,71200
Quick Sort,959,71500
Quick Sort,960,71800
Quick Sort,961,74000
Quick Sort,962,70900
Quick Sort,963,70900
Quick Sort,964,74000
Quick Sort,965,71700
Quick Sort,966,71800
Quick Sort,967,70700
Quick Sort,968,70900
Quick Sort,969,72300
Quick Sort,970,71500
Quick Sort,971,71600
Quick Sort,972,71300
Quick Sort,973,86100
Quick Sort,974,71300
Quick Sort,975,73000
Quick Sort,976,73400
Quick Sort,977,70800
Quick Sort,978,71100
Quick Sort,979,70600
Quick Sort,980,70700
Quick Sort,981,72300
Quick Sort,982,71100
Quick Sort,983,71100
Quick Sort,984,72300
Quick Sort,985,70900
Quick Sort,986,71000
Quick Sort,987,71600
Quick Sort,988,71500
Quick Sort,989,71300
Quick Sort,990,72400
Quick Sort,991,70700
Quick Sort,992,72400
Quick Sort,993,71900
Quick Sort,994,72400
Quick Sort,995,70500
Quick Sort,996,70600
Quick Sort,997,69900
Quick Sort,998,72300
Quick Sort,999,69700
Quick Sort,1000,70700
Heap Sort,1,140300
Heap Sort,2,99500
Heap Sort,3,167200
Heap Sort,4,100100
Heap Sort,5,96700
Heap Sort,6,102300
Heap Sort,7,105700
Heap Sort,8,107300
Heap Sort,9,79500
Heap Sort,10,87500
Heap Sort,11,109500
Heap Sort,12,84100
Heap Sort,13,80800
Heap Sort,14,83200
Heap Sort,15,89200
Heap Sort,16,79400
Heap Sort,17,76800
Heap Sort,18,75800
Heap Sort,19,79200
Heap Sort,20,77800
Heap Sort,21,76100
Heap Sort,22,78300
Heap Sort,23,75700
Heap Sort,24,76100
Heap Sort,25,75600
Heap Sort,26,89500
Heap Sort,27,79300
Heap Sort,28,76600
Heap Sort,29,75700
Heap Sort,30,75900
Heap Sort,31,75800
Heap Sort,32,75900
Heap Sort,33,77500
Heap Sort,34,76800
Heap Sort,35,77500
Heap Sort,36,75900
Heap Sort,37,76900
Heap Sort,38,75900
Heap Sort,39,76900
Heap Sort,40,76200
Heap Sort,41,76400
Heap Sort,42,75900
Heap Sort,43,76000
Heap Sort,44,120900
Heap Sort,45,78000
Heap Sort,46,77600
Heap Sort,47,75800
Heap Sort,48,76900
Heap Sort,49,76900
Heap Sort,50,88800
Heap Sort,51,78000
Heap Sort,52,78600
Heap Sort,53,76500
Heap Sort,54,76500
Heap Sort,55,75600
Heap Sort,56,75900
Heap Sort,57,76400
Heap Sort,58,75900
Heap Sort,59,92300
Heap Sort,60,96100
Heap Sort,61,97700
Heap Sort,62,78200
Heap Sort,63,76500
Heap Sort,64,76500
Heap Sort,65,76600
Heap Sort,66,76500
Heap Sort,67,77800
Heap Sort,68,83800
Heap Sort,69,76300
Heap Sort,70,84900
Heap Sort,71,91000
Heap Sort,72,210800
Heap Sort,73,140300
Heap Sort,74,139300
Heap Sort,75,130700
Heap Sort,76,191300
Heap Sort,77,131300
Heap Sort,78,128000
Heap Sort,79,132100
Heap Sort,80,122000
Heap Sort,81,128200
Heap Sort,82,112700
Heap Sort,83,198400
Heap Sort,84,139500
Heap Sort,85,153600
Heap Sort,86,348900
Heap Sort,87,136400
Heap Sort,88,138900
Heap Sort,89,109700
Heap Sort,90,107500
Heap Sort,91,104900
Heap Sort,92,103100
Heap Sort,93,115200
Heap Sort,94,102600
Heap Sort,95,104700
Heap Sort,96,99900
Heap Sort,97,99600
Heap Sort,98,105300
Heap Sort,99,102000
Heap Sort,100,103100
Heap Sort,101,112500
Heap Sort,102,144100
Heap Sort,103,100500
Heap Sort,104,98600
Heap Sort,105,96700
Heap Sort,106,98800
Heap Sort,107,98000
Heap Sort,108,98200
Heap Sort,109,104200
Heap Sort,110,106600
Heap Sort,111,125300
Heap Sort,112,100200
Heap Sort,113,98500
Heap Sort,114,95600
Heap Sort,115,98100
Heap Sort,116,98200
Heap Sort,117,119900
Heap Sort,118,98400
Heap Sort,119,95400
Heap Sort,120,95100
Heap Sort,121,98300
Heap Sort,122,95600
Heap Sort,123,95000
Heap Sort,124,95600
Heap Sort,125,95700
Heap Sort,126,98700
Heap Sort,127,95600
Heap Sort,128,95500
Heap Sort,129,96500
Heap Sort,130,96000
Heap Sort,131,98000
Heap Sort,132,98800
Heap Sort,133,113800
Heap Sort,134,97900
Heap Sort,135,95500
Heap Sort,136,98400
Heap Sort,137,131300
Heap Sort,138,121900
Heap Sort,139,97000
Heap Sort,140,98100
Heap Sort,141,97900
Heap Sort,142,103000
Heap Sort,143,184700
Heap Sort,144,111300
Heap Sort,145,107300
Heap Sort,146,104500
Heap Sort,147,104600
Heap Sort,148,100100
Heap Sort,149,104200
Heap Sort,150,112200
Heap Sort,151,102000
Heap Sort,152,103800
Heap Sort,153,100600
Heap Sort,154,103900
Heap Sort,155,103000
Heap Sort,156,102800
Heap Sort,157,104200
Heap Sort,158,130700
Heap Sort,159,103700
Heap Sort,160,103600
Heap Sort,161,100600
Heap Sort,162,104800
Heap Sort,163,103100
Heap Sort,164,103800
Heap Sort,165,110000
Heap Sort,166,104700
Heap Sort,167,110700
Heap Sort,168,99700
Heap Sort,169,77200
Heap Sort,170,78600
Heap Sort,171,76900
Heap Sort,172,78600
Heap Sort,173,76800
Heap Sort,174,78600
Heap Sort,175,81200
Heap Sort,176,80900
Heap Sort,177,76200
Heap Sort,178,79500
Heap Sort,179,89100
Heap Sort,180,78200
Heap Sort,181,91900
Heap Sort,182,87500
Heap Sort,183,79900
Heap Sort,184,75700
Heap Sort,185,78000
Heap Sort,186,78100
Heap Sort,187,76200
Heap Sort,188,91100
Heap Sort,189,110800
Heap Sort,190,105000
Heap Sort,191,106600
Heap Sort,192,82000
Heap Sort,193,79500
Heap Sort,194,77100
Heap Sort,195,78100
Heap Sort,196,77800
Heap Sort,197,78600
Heap Sort,198,102400
Heap Sort,199,94700
Heap Sort,200,75900
Heap Sort,201,93900
Heap Sort,202,77000
Heap Sort,203,76300
Heap Sort,204,76600
Heap Sort,205,78500
Heap Sort,206,93000
Heap Sort,207,98300
Heap Sort,208,110000
Heap Sort,209,90800
Heap Sort,210,91000
Heap Sort,211,93300
Heap Sort,212,77000
Heap Sort,213,76400
Heap Sort,214,77600
Heap Sort,215,76900
Heap Sort,216,273300
Heap Sort,217,78300
Heap Sort,218,78600
Heap Sort,219,77600
Heap Sort,220,78700
Heap Sort,221,95200
Heap Sort,222,189600
Heap Sort,223,85700
Heap Sort,224,334700
Heap Sort,225,98900
Heap Sort,226,101000
Heap Sort,227,102300
Heap Sort,228,103800
Heap Sort,229,102300
Heap Sort,230,101300
Heap Sort,231,101400
Heap Sort,232,251500
Heap Sort,233,126300
Heap Sort,234,105200
Heap Sort,235,104300
Heap Sort,236,101900
Heap Sort,237,105600
Heap Sort,238,94000
Heap Sort,239,367400
Heap Sort,240,244700
Heap Sort,241,99800
Heap Sort,242,102100
Heap Sort,243,106200
Heap Sort,244,102100
Heap Sort,245,104100
Heap Sort,246,101000
Heap Sort,247,128400
Heap Sort,248,104600
Heap Sort,249,318900
Heap Sort,250,102600
Heap Sort,251,100500
Heap Sort,252,106500
Heap Sort,253,101800
Heap Sort,254,104100
Heap Sort,255,101800
Heap Sort,256,104600
Heap Sort,257,400600
Heap Sort,258,106500
Heap Sort,259,102100
Heap Sort,260,99700
Heap Sort,261,98400
Heap Sort,262,97700
Heap Sort,263,96400
Heap Sort,264,98400
Heap Sort,265,244100
Heap Sort,266,96400
Heap Sort,267,96500
Heap Sort,268,98700
Heap Sort,269,97700
Heap Sort,270,95900
Heap Sort,271,112900
Heap Sort,272,96500
Heap Sort,273,190900
Heap Sort,274,243800
Heap Sort,275,97100
Heap Sort,276,96500
Heap Sort,277,97300
Heap Sort,278,95700
Heap Sort,279,97300
Heap Sort,280,96900
Heap Sort,281,212100
Heap Sort,282,95300
Heap Sort,283,95200
Heap Sort,284,96500
Heap Sort,285,126900
Heap Sort,286,112200
Heap Sort,287,95300
Heap Sort,288,95300
Heap Sort,289,114900
Heap Sort,290,345100
Heap Sort,291,95200
Heap Sort,292,95400
Heap Sort,293,97300
Heap Sort,294,94900
Heap Sort,295,97100
Heap Sort,296,95100
Heap Sort,297,94800
Heap Sort,298,272600
Heap Sort,299,94800
Heap Sort,300,97200
Heap Sort,301,94600
Heap Sort,302,97300
Heap Sort,303,94700
Heap Sort,304,97000
Heap Sort,305,95300
Heap Sort,306,217400
Heap Sort,307,181400
Heap Sort,308,95100
Heap Sort,309,95100
Heap Sort,310,95100
Heap Sort,311,97700
Heap Sort,312,113200
Heap Sort,313,94700
Heap Sort,314,197100
Heap Sort,315,95200
Heap Sort,316,94400
Heap Sort,317,95400
Heap Sort,318,97400
Heap Sort,319,97200
Heap Sort,320,94600
Heap Sort,321,95000
Heap Sort,322,168800
Heap Sort,323,156100
Heap Sort,324,95300
Heap Sort,325,95000
Heap Sort,326,95100
Heap Sort,327,94300
Heap Sort,328,97600
Heap Sort,329,94600
Heap Sort,330,112300
Heap Sort,331,275000
Heap Sort,332,97800
Heap Sort,333,94900
Heap Sort,334,97000
Heap Sort,335,94800
Heap Sort,336,95200
Heap Sort,337,97400
Heap Sort,338,95400
Heap Sort,339,311000
Heap Sort,340,95700
Heap Sort,341,95400
Heap Sort,342,96500
Heap Sort,343,94800
Heap Sort,344,94800
Heap Sort,345,94900
Heap Sort,346,111000
Heap Sort,347,224600
Heap Sort,348,95600
Heap Sort,349,94600
Heap Sort,350,98500
Heap Sort,351,117800
Heap Sort,352,201900
Heap Sort,353,121800
Heap Sort,354,120200
Heap Sort,355,293500
Heap Sort,356,283200
Heap Sort,357,115300
Heap Sort,358,111400
Heap Sort,359,105100
Heap Sort,360,109800
Heap Sort,361,156800
Heap Sort,362,145300
Heap Sort,363,379300
Heap Sort,364,153300
Heap Sort,365,139100
Heap Sort,366,137300
Heap Sort,367,136200
Heap Sort,368,133000
Heap Sort,369,193700
Heap Sort,370,116200
Heap Sort,371,243700
Heap Sort,372,175000
Heap Sort,373,167900
Heap Sort,374,102600
Heap Sort,375,101000
Heap Sort,376,98600
Heap Sort,377,99400
Heap Sort,378,98600
Heap Sort,379,97700
Heap Sort,380,247500
Heap Sort,381,107600
Heap Sort,382,96900
Heap Sort,383,98100
Heap Sort,384,95200
Heap Sort,385,95200
Heap Sort,386,94900
Heap Sort,387,97500
Heap Sort,388,352000
Heap Sort,389,99700
Heap Sort,390,98100
Heap Sort,391,96900
Heap Sort,392,96800
Heap Sort,393,97400
Heap Sort,394,94600
Heap Sort,395,97000
Heap Sort,396,218900
Heap Sort,397,169600
Heap Sort,398,122600
Heap Sort,399,126300
Heap Sort,400,124900
Heap Sort,401,127100
Heap Sort,402,126700
Heap Sort,403,127100
Heap Sort,404,289200
Heap Sort,405,216000
Heap Sort,406,84600
Heap Sort,407,81100
Heap Sort,408,80400
Heap Sort,409,78000
Heap Sort,410,78200
Heap Sort,411,77400
Heap Sort,412,179900
Heap Sort,413,601800
Heap Sort,414,334900
Heap Sort,415,516700
Heap Sort,416,138000
Heap Sort,417,171000
Heap Sort,418,120400
Heap Sort,419,121700
Heap Sort,420,119100
Heap Sort,421,351300
Heap Sort,422,164600
Heap Sort,423,183900
Heap Sort,424,158800
Heap Sort,425,160400
Heap Sort,426,157000
Heap Sort,427,164800
Heap Sort,428,154500
Heap Sort,429,281500
Heap Sort,430,119700
Heap Sort,431,121300
Heap Sort,432,118000
Heap Sort,433,118400
Heap Sort,434,120100
Heap Sort,435,117100
Heap Sort,436,119700
Heap Sort,437,253800
Heap Sort,438,122700
Heap Sort,439,119300
Heap Sort,440,119100
Heap Sort,441,118700
Heap Sort,442,121400
Heap Sort,443,119900
Heap Sort,444,146200
Heap Sort,445,318200
Heap Sort,446,162500
Heap Sort,447,164100
Heap Sort,448,194200
Heap Sort,449,160400
Heap Sort,450,167900
Heap Sort,451,160000
Heap Sort,452,162600
Heap Sort,453,453500
Heap Sort,454,186500
Heap Sort,455,309200
Heap Sort,456,178400
Heap Sort,457,169700
Heap Sort,458,316400
Heap Sort,459,189000
Heap Sort,460,163000
Heap Sort,461,147000
Heap Sort,462,481800
Heap Sort,463,125000
Heap Sort,464,126700
Heap Sort,465,118200
Heap Sort,466,472500
Heap Sort,467,834800
Heap Sort,468,699600
Heap Sort,469,331100
Heap Sort,470,335000
Heap Sort,471,195700
Heap Sort,472,154900
Heap Sort,473,102100
Heap Sort,474,104100
Heap Sort,475,109100
Heap Sort,476,119300
Heap Sort,477,160200
Heap Sort,478,124900
Heap Sort,479,119100
Heap Sort,480,127000
Heap Sort,481,129300
Heap Sort,482,127300
Heap Sort,483,151500
Heap Sort,484,125600
Heap Sort,485,129500
Heap Sort,486,129600
Heap Sort,487,130100
Heap Sort,488,100700
Heap Sort,489,96300
Heap Sort,490,93900
Heap Sort,491,94900
Heap Sort,492,96100
Heap Sort,493,94900
Heap Sort,494,95300
Heap Sort,495,94700
Heap Sort,496,94800
Heap Sort,497,94800
Heap Sort,498,95100
Heap Sort,499,94300
Heap Sort,500,94000
Heap Sort,501,129200
Heap Sort,502,102400
Heap Sort,503,99200
Heap Sort,504,94400
Heap Sort,505,96400
Heap Sort,506,93500
Heap Sort,507,95100
Heap Sort,508,93400
Heap Sort,509,94100
Heap Sort,510,94700
Heap Sort,511,151300
Heap Sort,512,97700
Heap Sort,513,96900
Heap Sort,514,94100
Heap Sort,515,93500
Heap Sort,516,94600
Heap Sort,517,93600
Heap Sort,518,95600
Heap Sort,519,99300
Heap Sort,520,94800
Heap Sort,521,109800
Heap Sort,522,94800
Heap Sort,523,94000
Heap Sort,524,94100
Heap Sort,525,92100
Heap Sort,526,95500
Heap Sort,527,95900
Heap Sort,528,95700
Heap Sort,529,92100
Heap Sort,530,93500
Heap Sort,531,92800
Heap Sort,532,93600
Heap Sort,533,92000
Heap Sort,534,95200
Heap Sort,535,95500
Heap Sort,536,95200
Heap Sort,537,92800
Heap Sort,538,97800
Heap Sort,539,127600
Heap Sort,540,104500
Heap Sort,541,107800
Heap Sort,542,96400
Heap Sort,543,92300
Heap Sort,544,101500
Heap Sort,545,92900
Heap Sort,546,92800
Heap Sort,547,82700
Heap Sort,548,92400
Heap Sort,549,92200
Heap Sort,550,124500
Heap Sort,551,95800
Heap Sort,552,97500
Heap Sort,553,79100
Heap Sort,554,93400
Heap Sort,555,92400
Heap Sort,556,78200
Heap Sort,557,92800
Heap Sort,558,92900
Heap Sort,559,76600
Heap Sort,560,94300
Heap Sort,561,92600
Heap Sort,562,93000
Heap Sort,563,95400
Heap Sort,564,95100
Heap Sort,565,77300
Heap Sort,566,95500
Heap Sort,567,97400
Heap Sort,568,79300
Heap Sort,569,92100
Heap Sort,570,91800
Heap Sort,571,77300
Heap Sort,572,92600
Heap Sort,573,92500
Heap Sort,574,77800
Heap Sort,575,115100
Heap Sort,576,222700
Heap Sort,577,151500
Heap Sort,578,154700
Heap Sort,579,187200
Heap Sort,580,152700
Heap Sort,581,157300
Heap Sort,582,137000
Heap Sort,583,127800
Heap Sort,584,116400
Heap Sort,585,150700
Heap Sort,586,125900
Heap Sort,587,166100
Heap Sort,588,154600
Heap Sort,589,145500
Heap Sort,590,247700
Heap Sort,591,155800
Heap Sort,592,149800
Heap Sort,593,189500
Heap Sort,594,121700
Heap Sort,595,105700
Heap Sort,596,117000
Heap Sort,597,116400
Heap Sort,598,96300
Heap Sort,599,118300
Heap Sort,600,119900
Heap Sort,601,100200
Heap Sort,602,116900
Heap Sort,603,117100
Heap Sort,604,96500
Heap Sort,605,115500
Heap Sort,606,125100
Heap Sort,607,113900
Heap Sort,608,110600
Heap Sort,609,135200
Heap Sort,610,93300
Heap Sort,611,111200
Heap Sort,612,110000
Heap Sort,613,90600
Heap Sort,614,110000
Heap Sort,615,112300
Heap Sort,616,91700
Heap Sort,617,115300
Heap Sort,618,115100
Heap Sort,619,92200
Heap Sort,620,113600
Heap Sort,621,112800
Heap Sort,622,90400
Heap Sort,623,112500
Heap Sort,624,112200
Heap Sort,625,91500
Heap Sort,626,114400
Heap Sort,627,127700
Heap Sort,628,90600
Heap Sort,629,112800
Heap Sort,630,112600
Heap Sort,631,90100
Heap Sort,632,112200
Heap Sort,633,112200
Heap Sort,634,90500
Heap Sort,635,112300
Heap Sort,636,111800
Heap Sort,637,88300
Heap Sort,638,112300
Heap Sort,639,115300
Heap Sort,640,89800
Heap Sort,641,112500
Heap Sort,642,111100
Heap Sort,643,89400
Heap Sort,644,111700
Heap Sort,645,125200
Heap Sort,646,91800
Heap Sort,647,113100
Heap Sort,648,112000
Heap Sort,649,92300
Heap Sort,650,113500
Heap Sort,651,153600
Heap Sort,652,124500
Heap Sort,653,112400
Heap Sort,654,109600
Heap Sort,655,92700
Heap Sort,656,109900
Heap Sort,657,109700
Heap Sort,658,93300
Heap Sort,659,110400
Heap Sort,660,111700
Heap Sort,661,90300
Heap Sort,662,109900
Heap Sort,663,129500
Heap Sort,664,93200
Heap Sort,665,112300
Heap Sort,666,111900
Heap Sort,667,90400
Heap Sort,668,110000
Heap Sort,669,109800
Heap Sort,670,90700
Heap Sort,671,109800
Heap Sort,672,110100
Heap Sort,673,90500
Heap Sort,674,110300
Heap Sort,675,111200
Heap Sort,676,90500
Heap Sort,677,110100
Heap Sort,678,109800
Heap Sort,679,89900
Heap Sort,680,113000
Heap Sort,681,123200
Heap Sort,682,93500
Heap Sort,683,245000
Heap Sort,684,112900
Heap Sort,685,92300
Heap Sort,686,112000
Heap Sort,687,109800
Heap Sort,688,91000
Heap Sort,689,109900
Heap Sort,690,109700
Heap Sort,691,277700
Heap Sort,692,133400
Heap Sort,693,141600
Heap Sort,694,119600
Heap Sort,695,108200
Heap Sort,696,122000
Heap Sort,697,152600
Heap Sort,698,125900
Heap Sort,699,229500
Heap Sort,700,127400
Heap Sort,701,123200
Heap Sort,702,128600
Heap Sort,703,123700
Heap Sort,704,125500
Heap Sort,705,121000
Heap Sort,706,122000
Heap Sort,707,271100
Heap Sort,708,292700
Heap Sort,709,105700
Heap Sort,710,103000
Heap Sort,711,124800
Heap Sort,712,124700
Heap Sort,713,120800
Heap Sort,714,111500
Heap Sort,715,107100
Heap Sort,716,337200
Heap Sort,717,161100
Heap Sort,718,100000
Heap Sort,719,99500
Heap Sort,720,105100
Heap Sort,721,154900
Heap Sort,722,119000
Heap Sort,723,121100
Heap Sort,724,312000
Heap Sort,725,104600
Heap Sort,726,118000
Heap Sort,727,109600
Heap Sort,728,116000
Heap Sort,729,122900
Heap Sort,730,120200
Heap Sort,731,141600
Heap Sort,732,259700
Heap Sort,733,90500
Heap Sort,734,92300
Heap Sort,735,100600
Heap Sort,736,89000
Heap Sort,737,88600
Heap Sort,738,91000
Heap Sort,739,93800
Heap Sort,740,198900
Heap Sort,741,90900
Heap Sort,742,82300
Heap Sort,743,79900
Heap Sort,744,79500
Heap Sort,745,76400
Heap Sort,746,75800
Heap Sort,747,75300
Heap Sort,748,72900
Heap Sort,749,206100
Heap Sort,750,72800
Heap Sort,751,73300
Heap Sort,752,72000
Heap Sort,753,94400
Heap Sort,754,79100
Heap Sort,755,73400
Heap Sort,756,73000
Heap Sort,757,209500
Heap Sort,758,72300
Heap Sort,759,73300
Heap Sort,760,71400
Heap Sort,761,72000
Heap Sort,762,72700
Heap Sort,763,72800
Heap Sort,764,72800
Heap Sort,765,153200
Heap Sort,766,71900
Heap Sort,767,72100
Heap Sort,768,71800
Heap Sort,769,71400
Heap Sort,770,71100
Heap Sort,771,71700
Heap Sort,772,72900
Heap Sort,773,204200
Heap Sort,774,103700
Heap Sort,775,96000
Heap Sort,776,94600
Heap Sort,777,90100
Heap Sort,778,88900
Heap Sort,779,89800
Heap Sort,780,85700
Heap Sort,781,169100
Heap Sort,782,86500
Heap Sort,783,85800
Heap Sort,784,86100
Heap Sort,785,85300
Heap Sort,786,85000
Heap Sort,787,86300
Heap Sort,788,84500
Heap Sort,789,84000
Heap Sort,790,224900
Heap Sort,791,84800
Heap Sort,792,84900
Heap Sort,793,86000
Heap Sort,794,84600
Heap Sort,795,84900
Heap Sort,796,86400
Heap Sort,797,83900
Heap Sort,798,218000
Heap Sort,799,82600
Heap Sort,800,84100
Heap Sort,801,82700
Heap Sort,802,82800
Heap Sort,803,85500
Heap Sort,804,84700
Heap Sort,805,84800
Heap Sort,806,175700
Heap Sort,807,83300
Heap Sort,808,84000
Heap Sort,809,85700
Heap Sort,810,83700
Heap Sort,811,85400
Heap Sort,812,83900
Heap Sort,813,85600
Heap Sort,814,155900
Heap Sort,815,83500
Heap Sort,816,83000
Heap Sort,817,85800
Heap Sort,818,83500
Heap Sort,819,97700
Heap Sort,820,85200
Heap Sort,821,85300
Heap Sort,822,130400
Heap Sort,823,84100
Heap Sort,824,83400
Heap Sort,825,85800
Heap Sort,826,83100
Heap Sort,827,83400
Heap Sort,828,82700
Heap Sort,829,93200
Heap Sort,830,159600
Heap Sort,831,263900
Heap Sort,832,85100
Heap Sort,833,84100
Heap Sort,834,85700
Heap Sort,835,83600
Heap Sort,836,83100
Heap Sort,837,85800
Heap Sort,838,99500
Heap Sort,839,210800
Heap Sort,840,83300
Heap Sort,841,84600
Heap Sort,842,110400
Heap Sort,843,145800
Heap Sort,844,140500
Heap Sort,845,118000
Heap Sort,846,117800
Heap Sort,847,280600
Heap Sort,848,95900
Heap Sort,849,90500
Heap Sort,850,88700
Heap Sort,851,89400
Heap Sort,852,117500
Heap Sort,853,411300
Heap Sort,854,118000
Heap Sort,855,348000
Heap Sort,856,124000
Heap Sort,857,121500
Heap Sort,858,124500
Heap Sort,859,123600
Heap Sort,860,120100
Heap Sort,861,121000
Heap Sort,862,128200
Heap Sort,863,406000
Heap Sort,864,114800
Heap Sort,865,122500
Heap Sort,866,108300
Heap Sort,867,115300
Heap Sort,868,114300
Heap Sort,869,120400
Heap Sort,870,109200
Heap Sort,871,102600
Heap Sort,872,321200
Heap Sort,873,89700
Heap Sort,874,110200
Heap Sort,875,90700
Heap Sort,876,88300
Heap Sort,877,88700
Heap Sort,878,89800
Heap Sort,879,87800
Heap Sort,880,236700
Heap Sort,881,88800
Heap Sort,882,90500
Heap Sort,883,87900
Heap Sort,884,88100
Heap Sort,885,88500
Heap Sort,886,89600
Heap Sort,887,88500
Heap Sort,888,221200
Heap Sort,889,88800
Heap Sort,890,86100
Heap Sort,891,84800
Heap Sort,892,84900
Heap Sort,893,85000
Heap Sort,894,85400
Heap Sort,895,84100
Heap Sort,896,181400
Heap Sort,897,83600
Heap Sort,898,83200
Heap Sort,899,83000
Heap Sort,900,83300
Heap Sort,901,82800
Heap Sort,902,84300
Heap Sort,903,84100
Heap Sort,904,133400
Heap Sort,905,84300
Heap Sort,906,85400
Heap Sort,907,83200
Heap Sort,908,83700
Heap Sort,909,83900
Heap Sort,910,84300
Heap Sort,911,84300
Heap Sort,912,83400
Heap Sort,913,234000
Heap Sort,914,82800
Heap Sort,915,85100
Heap Sort,916,85200
Heap Sort,917,84800
Heap Sort,918,85100
Heap Sort,919,85100
Heap Sort,920,85100
Heap Sort,921,203300
Heap Sort,922,83000
Heap Sort,923,83800
Heap Sort,924,84700
Heap Sort,925,96300
Heap Sort,926,82400
Heap Sort,927,83400
Heap Sort,928,326000
Heap Sort,929,345300
Heap Sort,930,113500
Heap Sort,931,216300
Heap Sort,932,83600
Heap Sort,933,202400
Heap Sort,934,120100
Heap Sort,935,201200
Heap Sort,936,75700
Heap Sort,937,198500
Heap Sort,938,73100
Heap Sort,939,206000
Heap Sort,940,89400
Heap Sort,941,203500
Heap Sort,942,70400
Heap Sort,943,203100
Heap Sort,944,69400
Heap Sort,945,197100
Heap Sort,946,69100
Heap Sort,947,204000
Heap Sort,948,68500
Heap Sort,949,196800
Heap Sort,950,68700
Heap Sort,951,212000
Heap Sort,952,69800
Heap Sort,953,203500
Heap Sort,954,78500
Heap Sort,955,204200
Heap Sort,956,69500
Heap Sort,957,196600
Heap Sort,958,67600
Heap Sort,959,197400
Heap Sort,960,67600
Heap Sort,961,196100
Heap Sort,962,67600
Heap Sort,963,199200
Heap Sort,964,66500
Heap Sort,965,200800
Heap Sort,966,66400
Heap Sort,967,193900
Heap Sort,968,66600
Heap Sort,969,207300
Heap Sort,970,68000
Heap Sort,971,192500
Heap Sort,972,67900
Heap Sort,973,197900
Heap Sort,974,66600
Heap Sort,975,191800
Heap Sort,976,66400
Heap Sort,977,198800
Heap Sort,978,66400
Heap Sort,979,202900
Heap Sort,980,80300
Heap Sort,981,304000
Heap Sort,982,98700
Heap Sort,983,295100
Heap Sort,984,109400
Heap Sort,985,441800
Heap Sort,986,109700
Heap Sort,987,270700
Heap Sort,988,112400
Heap Sort,989,324700
Heap Sort,990,130900
Heap Sort,991,438000
Heap Sort,992,125000
Heap Sort,993,248900
Heap Sort,994,89400
Heap Sort,995,216200
Heap Sort,996,72600
Heap Sort,997,211400
Heap Sort,998,67900
Heap Sort,999,215700
Heap Sort,1000,67800
